,precision,recall,f1-score,support
0,0.914985862393968,0.997961176692309,0.9546739655977776,58367.0
1,0.6020066889632107,0.032188841201716736,0.06111016805296214,5592.0
accuracy,0.9135227254960209,0.9135227254960209,0.9135227254960209,0.9135227254960209
macro avg,0.7584962756785893,0.5150750089470129,0.5078920668253699,63959.0
weighted avg,0.8876217769982488,0.9135227254960209,0.8765487798401734,63959.0
